ID,PDF
5487515,http://ieeexplore.ieee.org/iel5/2945/5629311/05487515.pdf
5374395,http://ieeexplore.ieee.org/iel5/2945/5629311/05374395.pdf
5406519,http://ieeexplore.ieee.org/iel5/2945/5629311/05406519.pdf
5342415,http://ieeexplore.ieee.org/iel5/2945/5629311/05342415.pdf
5332227,http://ieeexplore.ieee.org/iel5/2945/5629311/05332227.pdf
5453360,http://ieeexplore.ieee.org/iel5/2945/5629311/05453360.pdf
5406517,http://ieeexplore.ieee.org/iel5/2945/5629311/05406517.pdf
5406520,http://ieeexplore.ieee.org/iel5/2945/5629311/05406520.pdf
5406516,http://ieeexplore.ieee.org/iel5/2945/5629311/05406516.pdf
5453358,http://ieeexplore.ieee.org/iel5/2945/5629311/05453358.pdf
5453357,http://ieeexplore.ieee.org/iel5/2945/5665267/05453357.pdf
5492686,http://ieeexplore.ieee.org/iel5/2945/5665267/05492686.pdf
5492685,http://ieeexplore.ieee.org/iel5/2945/5665267/05492685.pdf
5416703,http://ieeexplore.ieee.org/iel5/2945/5665267/05416703.pdf
5453366,http://ieeexplore.ieee.org/iel5/2945/5665267/05453366.pdf
5416704,http://ieeexplore.ieee.org/iel5/2945/5665267/05416704.pdf
5432167,http://ieeexplore.ieee.org/iel5/2945/5665267/05432167.pdf
5416707,http://ieeexplore.ieee.org/iel5/2945/5665267/05416707.pdf
5416705,http://ieeexplore.ieee.org/iel5/2945/5665267/05416705.pdf
5416702,http://ieeexplore.ieee.org/iel5/2945/5665267/05416702.pdf
5406518,http://ieeexplore.ieee.org/iel5/2945/5665267/05406518.pdf
5665272,http://ieeexplore.ieee.org/iel5/2945/5665267/05665272.pdf
5473228,http://ieeexplore.ieee.org/iel5/2945/5685298/05473228.pdf
5453362,http://ieeexplore.ieee.org/iel5/2945/5685298/05453362.pdf
5432168,http://ieeexplore.ieee.org/iel5/2945/5685298/05432168.pdf
5262940,http://ieeexplore.ieee.org/iel5/2945/5685298/05262940.pdf
5453361,http://ieeexplore.ieee.org/iel5/2945/5685298/05453361.pdf
5453365,http://ieeexplore.ieee.org/iel5/2945/5685298/05453365.pdf
5438988,http://ieeexplore.ieee.org/iel5/2945/5685298/05438988.pdf
5453359,http://ieeexplore.ieee.org/iel5/2945/5685298/05453359.pdf
5416708,http://ieeexplore.ieee.org/iel5/2945/5685298/05416708.pdf
5432170,http://ieeexplore.ieee.org/iel5/2945/5685298/05432170.pdf
5473227,http://ieeexplore.ieee.org/iel5/2945/5714210/05473227.pdf
5467066,http://ieeexplore.ieee.org/iel5/2945/5714210/05467066.pdf
5416706,http://ieeexplore.ieee.org/iel5/2945/5714210/05416706.pdf
5473230,http://ieeexplore.ieee.org/iel5/2945/5714210/05473230.pdf
5453364,http://ieeexplore.ieee.org/iel5/2945/5714210/05453364.pdf
5648735,http://ieeexplore.ieee.org/iel5/2945/5714210/05648735.pdf
5473225,http://ieeexplore.ieee.org/iel5/2945/5714210/05473225.pdf
5432169,http://ieeexplore.ieee.org/iel5/2945/5714210/05432169.pdf
5477421,http://ieeexplore.ieee.org/iel5/2945/5714210/05477421.pdf
5438989,http://ieeexplore.ieee.org/iel5/2945/5714210/05438989.pdf
5660069,http://ieeexplore.ieee.org/iel5/2945/5714210/05660069.pdf
5473226,http://ieeexplore.ieee.org/iel5/2945/5714210/05473226.pdf
5482578,http://ieeexplore.ieee.org/iel5/2945/5730193/05482578.pdf
5482577,http://ieeexplore.ieee.org/iel5/2945/5730193/05482577.pdf
5620902,http://ieeexplore.ieee.org/iel5/2945/5730193/05620902.pdf
5644519,http://ieeexplore.ieee.org/iel5/2945/5730193/05644519.pdf
5453363,http://ieeexplore.ieee.org/iel5/2945/5730193/05453363.pdf
5473229,http://ieeexplore.ieee.org/iel5/2945/5730193/05473229.pdf
5482579,http://ieeexplore.ieee.org/iel5/2945/5730193/05482579.pdf
5467067,http://ieeexplore.ieee.org/iel5/2945/5730193/05467067.pdf
5473223,http://ieeexplore.ieee.org/iel5/2945/5730193/05473223.pdf
5557867,http://ieeexplore.ieee.org/iel5/2945/5730193/05557867.pdf
5710858,http://ieeexplore.ieee.org/iel5/2945/5730193/05710858.pdf
5730198,http://ieeexplore.ieee.org/iel5/2945/5730193/05730198.pdf
5557871,http://ieeexplore.ieee.org/iel5/2945/5746558/05557871.pdf
5721975,http://ieeexplore.ieee.org/iel5/2945/5746558/05721975.pdf
5669298,http://ieeexplore.ieee.org/iel5/2945/5746558/05669298.pdf
5557873,http://ieeexplore.ieee.org/iel5/2945/5746558/05557873.pdf
5487517,http://ieeexplore.ieee.org/iel5/2945/5746558/05487517.pdf
5557866,http://ieeexplore.ieee.org/iel5/2945/5746558/05557866.pdf
5487518,http://ieeexplore.ieee.org/iel5/2945/5746558/05487518.pdf
5473224,http://ieeexplore.ieee.org/iel5/2945/5746558/05473224.pdf
5487516,http://ieeexplore.ieee.org/iel5/2945/5746558/05487516.pdf
5539758,http://ieeexplore.ieee.org/iel5/2945/5746558/05539758.pdf
5487519,http://ieeexplore.ieee.org/iel5/2945/5746558/05487519.pdf
5539757,http://ieeexplore.ieee.org/iel5/2945/5746558/05539757.pdf
5620903,http://ieeexplore.ieee.org/iel5/2945/5762828/05620903.pdf
5620907,http://ieeexplore.ieee.org/iel5/2945/5762828/05620907.pdf
5557872,http://ieeexplore.ieee.org/iel5/2945/5762828/05557872.pdf
5557869,http://ieeexplore.ieee.org/iel5/2945/5762828/05557869.pdf
5557870,http://ieeexplore.ieee.org/iel5/2945/5762828/05557870.pdf
5582087,http://ieeexplore.ieee.org/iel5/2945/5762828/05582087.pdf
5582083,http://ieeexplore.ieee.org/iel5/2945/5762828/05582083.pdf
5601814,http://ieeexplore.ieee.org/iel5/2945/5762828/05601814.pdf
5557868,http://ieeexplore.ieee.org/iel5/2945/5762828/05557868.pdf
5582084,http://ieeexplore.ieee.org/iel5/2945/5762828/05582084.pdf
5487514,http://ieeexplore.ieee.org/iel5/2945/5762828/05487514.pdf
5582085,http://ieeexplore.ieee.org/iel5/2945/5762828/05582085.pdf
5601714,http://ieeexplore.ieee.org/iel5/2945/5872084/05601714.pdf
5620900,http://ieeexplore.ieee.org/iel5/2945/5872084/05620900.pdf
5710909,http://ieeexplore.ieee.org/iel5/2945/5872084/05710909.pdf
5669300,http://ieeexplore.ieee.org/iel5/2945/5872084/05669300.pdf
5611506,http://ieeexplore.ieee.org/iel5/2945/5872084/05611506.pdf
5620898,http://ieeexplore.ieee.org/iel5/2945/5872084/05620898.pdf
5611512,http://ieeexplore.ieee.org/iel5/2945/5872084/05611512.pdf
5611508,http://ieeexplore.ieee.org/iel5/2945/5872084/05611508.pdf
5601716,http://ieeexplore.ieee.org/iel5/2945/5872084/05601716.pdf
5611509,http://ieeexplore.ieee.org/iel5/2945/5872084/05611509.pdf
5582082,http://ieeexplore.ieee.org/iel5/2945/5872084/05582082.pdf
5601715,http://ieeexplore.ieee.org/iel5/2945/5872084/05601715.pdf
5710906,http://ieeexplore.ieee.org/iel5/2945/5946031/05710906.pdf
5710903,http://ieeexplore.ieee.org/iel5/2945/5946031/05710903.pdf
5710911,http://ieeexplore.ieee.org/iel5/2945/5946031/05710911.pdf
5708144,http://ieeexplore.ieee.org/iel5/2945/5946031/05708144.pdf
5728802,http://ieeexplore.ieee.org/iel5/2945/5946031/05728802.pdf
5710908,http://ieeexplore.ieee.org/iel5/2945/5946031/05710908.pdf
5620893,http://ieeexplore.ieee.org/iel5/2945/5946031/05620893.pdf
5611510,http://ieeexplore.ieee.org/iel5/2945/5946031/05611510.pdf
5620899,http://ieeexplore.ieee.org/iel5/2945/5946031/05620899.pdf
5669296,http://ieeexplore.ieee.org/iel5/2945/5946031/05669296.pdf
5620990,http://ieeexplore.ieee.org/iel5/2945/5946031/05620990.pdf
5611514,http://ieeexplore.ieee.org/iel5/2945/5946031/05611514.pdf
5620905,http://ieeexplore.ieee.org/iel5/2945/5976480/05620905.pdf
5620901,http://ieeexplore.ieee.org/iel5/2945/5976480/05620901.pdf
5620908,http://ieeexplore.ieee.org/iel5/2945/5976480/05620908.pdf
5620906,http://ieeexplore.ieee.org/iel5/2945/5976480/05620906.pdf
5620904,http://ieeexplore.ieee.org/iel5/2945/5976480/05620904.pdf
5620894,http://ieeexplore.ieee.org/iel5/2945/5976480/05620894.pdf
5620895,http://ieeexplore.ieee.org/iel5/2945/5976480/05620895.pdf
5620897,http://ieeexplore.ieee.org/iel5/2945/5976480/05620897.pdf
5620896,http://ieeexplore.ieee.org/iel5/2945/5976480/05620896.pdf
5887298,http://ieeexplore.ieee.org/iel5/2945/5976480/05887298.pdf
5611511,http://ieeexplore.ieee.org/iel5/2945/5976480/05611511.pdf
5708145,http://ieeexplore.ieee.org/iel5/2945/5976480/05708145.pdf
5708143,http://ieeexplore.ieee.org/iel5/2945/5976480/05708143.pdf
5674028,http://ieeexplore.ieee.org/iel5/2945/5976480/05674028.pdf
5611513,http://ieeexplore.ieee.org/iel5/2945/5976480/05611513.pdf
5708142,http://ieeexplore.ieee.org/iel5/2945/6015591/05708142.pdf
5887324,http://ieeexplore.ieee.org/iel5/2945/6015591/05887324.pdf
5732716,http://ieeexplore.ieee.org/iel5/2945/6015591/05732716.pdf
5674029,http://ieeexplore.ieee.org/iel5/2945/6015591/05674029.pdf
5674034,http://ieeexplore.ieee.org/iel5/2945/6015591/05674034.pdf
5669306,http://ieeexplore.ieee.org/iel5/2945/6015591/05669306.pdf
5674030,http://ieeexplore.ieee.org/iel5/2945/6015591/05674030.pdf
5582086,http://ieeexplore.ieee.org/iel5/2945/6015591/05582086.pdf
5927292,http://ieeexplore.ieee.org/iel5/2945/6015591/05927292.pdf
5674032,http://ieeexplore.ieee.org/iel5/2945/6015591/05674032.pdf
5674036,http://ieeexplore.ieee.org/iel5/2945/6015591/05674036.pdf
5674031,http://ieeexplore.ieee.org/iel5/2945/6015591/05674031.pdf
5669297,http://ieeexplore.ieee.org/iel5/2945/6015591/05669297.pdf
5674035,http://ieeexplore.ieee.org/iel5/2945/6015591/05674035.pdf
5669305,http://ieeexplore.ieee.org/iel5/2945/6015591/05669305.pdf
6064936,http://ieeexplore.ieee.org/iel5/2945/6064926/06064936.pdf
6064937,http://ieeexplore.ieee.org/iel5/2945/6064926/06064937.pdf
6064938,http://ieeexplore.ieee.org/iel5/2945/6064926/06064938.pdf
6064939,http://ieeexplore.ieee.org/iel5/2945/6064926/06064939.pdf
6064940,http://ieeexplore.ieee.org/iel5/2945/6064926/06064940.pdf
6064941,http://ieeexplore.ieee.org/iel5/2945/6064926/06064941.pdf
6064942,http://ieeexplore.ieee.org/iel5/2945/6064926/06064942.pdf
6064943,http://ieeexplore.ieee.org/iel5/2945/6064926/06064943.pdf
6064944,http://ieeexplore.ieee.org/iel5/2945/6064926/06064944.pdf
6064945,http://ieeexplore.ieee.org/iel5/2945/6064926/06064945.pdf
6064946,http://ieeexplore.ieee.org/iel5/2945/6064926/06064946.pdf
6064947,http://ieeexplore.ieee.org/iel5/2945/6064926/06064947.pdf
6064948,http://ieeexplore.ieee.org/iel5/2945/6064926/06064948.pdf
6064949,http://ieeexplore.ieee.org/iel5/2945/6064926/06064949.pdf
6064950,http://ieeexplore.ieee.org/iel5/2945/6064926/06064950.pdf
6064951,http://ieeexplore.ieee.org/iel5/2945/6064926/06064951.pdf
6064952,http://ieeexplore.ieee.org/iel5/2945/6064926/06064952.pdf
6064953,http://ieeexplore.ieee.org/iel5/2945/6064926/06064953.pdf
6064954,http://ieeexplore.ieee.org/iel5/2945/6064926/06064954.pdf
6064955,http://ieeexplore.ieee.org/iel5/2945/6064926/06064955.pdf
6064956,http://ieeexplore.ieee.org/iel5/2945/6064926/06064956.pdf
6064957,http://ieeexplore.ieee.org/iel5/2945/6064926/06064957.pdf
6064958,http://ieeexplore.ieee.org/iel5/2945/6064926/06064958.pdf
6064959,http://ieeexplore.ieee.org/iel5/2945/6064926/06064959.pdf
6064960,http://ieeexplore.ieee.org/iel5/2945/6064926/06064960.pdf
6064961,http://ieeexplore.ieee.org/iel5/2945/6064926/06064961.pdf
6064962,http://ieeexplore.ieee.org/iel5/2945/6064926/06064962.pdf
6064963,http://ieeexplore.ieee.org/iel5/2945/6064926/06064963.pdf
6064964,http://ieeexplore.ieee.org/iel5/2945/6064926/06064964.pdf
6064965,http://ieeexplore.ieee.org/iel5/2945/6064926/06064965.pdf
6064966,http://ieeexplore.ieee.org/iel5/2945/6064926/06064966.pdf
6064967,http://ieeexplore.ieee.org/iel5/2945/6064926/06064967.pdf
6064968,http://ieeexplore.ieee.org/iel5/2945/6064926/06064968.pdf
6064969,http://ieeexplore.ieee.org/iel5/2945/6064926/06064969.pdf
6064970,http://ieeexplore.ieee.org/iel5/2945/6064926/06064970.pdf
6064971,http://ieeexplore.ieee.org/iel5/2945/6064926/06064971.pdf
6064972,http://ieeexplore.ieee.org/iel5/2945/6064926/06064972.pdf
6064973,http://ieeexplore.ieee.org/iel5/2945/6064926/06064973.pdf
6064974,http://ieeexplore.ieee.org/iel5/2945/6064926/06064974.pdf
6064975,http://ieeexplore.ieee.org/iel5/2945/6064926/06064975.pdf
6064976,http://ieeexplore.ieee.org/iel5/2945/6064926/06064976.pdf
6064977,http://ieeexplore.ieee.org/iel5/2945/6064926/06064977.pdf
6064978,http://ieeexplore.ieee.org/iel5/2945/6064926/06064978.pdf
6064979,http://ieeexplore.ieee.org/iel5/2945/6064926/06064979.pdf
6064980,http://ieeexplore.ieee.org/iel5/2945/6064926/06064980.pdf
6064981,http://ieeexplore.ieee.org/iel5/2945/6064926/06064981.pdf
6064982,http://ieeexplore.ieee.org/iel5/2945/6064926/06064982.pdf
6064983,http://ieeexplore.ieee.org/iel5/2945/6064926/06064983.pdf
6064984,http://ieeexplore.ieee.org/iel5/2945/6064926/06064984.pdf
6064985,http://ieeexplore.ieee.org/iel5/2945/6064926/06064985.pdf
6064986,http://ieeexplore.ieee.org/iel5/2945/6064926/06064986.pdf
6064987,http://ieeexplore.ieee.org/iel5/2945/6064926/06064987.pdf
6064988,http://ieeexplore.ieee.org/iel5/2945/6064926/06064988.pdf
6064989,http://ieeexplore.ieee.org/iel5/2945/6064926/06064989.pdf
6064990,http://ieeexplore.ieee.org/iel5/2945/6064926/06064990.pdf
6064991,http://ieeexplore.ieee.org/iel5/2945/6064926/06064991.pdf
6064992,http://ieeexplore.ieee.org/iel5/2945/6064926/06064992.pdf
6064993,http://ieeexplore.ieee.org/iel5/2945/6064926/06064993.pdf
6064994,http://ieeexplore.ieee.org/iel5/2945/6064926/06064994.pdf
6064995,http://ieeexplore.ieee.org/iel5/2945/6064926/06064995.pdf
6064996,http://ieeexplore.ieee.org/iel5/2945/6064926/06064996.pdf
6064997,http://ieeexplore.ieee.org/iel5/2945/6064926/06064997.pdf
6064998,http://ieeexplore.ieee.org/iel5/2945/6064926/06064998.pdf
6064999,http://ieeexplore.ieee.org/iel5/2945/6064926/06064999.pdf
6065000,http://ieeexplore.ieee.org/iel5/2945/6064926/06065000.pdf
6065001,http://ieeexplore.ieee.org/iel5/2945/6064926/06065001.pdf
6065002,http://ieeexplore.ieee.org/iel5/2945/6064926/06065002.pdf
6065003,http://ieeexplore.ieee.org/iel5/2945/6064926/06065003.pdf
6065004,http://ieeexplore.ieee.org/iel5/2945/6064926/06065004.pdf
6065005,http://ieeexplore.ieee.org/iel5/2945/6064926/06065005.pdf
6065006,http://ieeexplore.ieee.org/iel5/2945/6064926/06065006.pdf
6065007,http://ieeexplore.ieee.org/iel5/2945/6064926/06065007.pdf
6065008,http://ieeexplore.ieee.org/iel5/2945/6064926/06065008.pdf
6065009,http://ieeexplore.ieee.org/iel5/2945/6064926/06065009.pdf
6065010,http://ieeexplore.ieee.org/iel5/2945/6064926/06065010.pdf
6065011,http://ieeexplore.ieee.org/iel5/2945/6064926/06065011.pdf
6065012,http://ieeexplore.ieee.org/iel5/2945/6064926/06065012.pdf
6065013,http://ieeexplore.ieee.org/iel5/2945/6064926/06065013.pdf
6065014,http://ieeexplore.ieee.org/iel5/2945/6064926/06065014.pdf
6065015,http://ieeexplore.ieee.org/iel5/2945/6064926/06065015.pdf
6065016,http://ieeexplore.ieee.org/iel5/2945/6064926/06065016.pdf
6065017,http://ieeexplore.ieee.org/iel5/2945/6064926/06065017.pdf
6065018,http://ieeexplore.ieee.org/iel5/2945/6064926/06065018.pdf
6065019,http://ieeexplore.ieee.org/iel5/2945/6064926/06065019.pdf
6065020,http://ieeexplore.ieee.org/iel5/2945/6064926/06065020.pdf
6065021,http://ieeexplore.ieee.org/iel5/2945/6064926/06065021.pdf
6065022,http://ieeexplore.ieee.org/iel5/2945/6064926/06065022.pdf
6065023,http://ieeexplore.ieee.org/iel5/2945/6064926/06065023.pdf
6065024,http://ieeexplore.ieee.org/iel5/2945/6064926/06065024.pdf
6065025,http://ieeexplore.ieee.org/iel5/2945/6064926/06065025.pdf
6065026,http://ieeexplore.ieee.org/iel5/2945/6064926/06065026.pdf
6065027,http://ieeexplore.ieee.org/iel5/2945/6064926/06065027.pdf
6065028,http://ieeexplore.ieee.org/iel5/2945/6064926/06065028.pdf
